time	auc
1-year	0.658358342931495
3-year	0.696059059979781
5-year	0.731747395370818
