dataset	n_samples	n_genes_used	cindex	HR_high_vs_low	CI95_low	CI95_high	p_value
GSE30219	289	13	0.604043363609728	0.505088881917147	0.379523251465492	0.672198021204796	2.81585818796751e-06
