dataset	n_samples	n_genes_used	cindex	HR_high_vs_low	CI95_low	CI95_high	p_value
GSE37745	196	13	0.498293910126655	1.34280924097727	0.966855867876955	1.8649487659555	0.0785987350437668
